{"H": [4.021564960479736, -5.507040977478027, 0.24959900975227356], "He": [-1.874746322631836, -25.826473236083984, 0.3700549304485321], "Li": [3.109619379043579, -5.122021675109863, 0.26972779631614685], "Be": [2.2573723793029785, -28.969282150268555, 0.42912977933883667], "B": [-0.26754194498062134, -10.914901733398438, -0.0690523311495781], "C": [-2.071561574935913, -4.788220405578613, -0.5356642007827759], "N": [0.18224845826625824, -10.418068885803223, 0.004298499319702387], "O": [-2.0665805339813232, -2.8234128952026367, -0.7639706134796143], "F": [1.2213547229766846, 12.966633796691895, -1.7398759126663208], "Ne": [-14.403533935546875, -63.986793518066406, -0.2011915147304535], "Na": [-6.955859661102295, -0.7930170893669128, -0.3030678927898407], "Mg": [-8.600037574768066, -17.105758666992188, 0.16092830896377563], "Al": [-4.812133312225342, -6.251158237457275, -0.4058842360973358], "Si": [-2.60774302482605, 0.1664772778749466, -0.7444337606430054], "P": [-5.889394760131836, -4.611288070678711, -0.5415525436401367], "S": [-1.5188233852386475, 5.823954105377197, -1.3002573251724243], "Cl": [-1.406029462814331, 16.426773071289062, -2.0233681201934814], "Ar": [-24.18594741821289, -44.289756774902344, -0.8149886131286621], "K": [-17.008981704711914, 6.427153587341309, -0.519515872001648], "Ca": [-16.46770668029785, 6.32961368560791, -0.1048889085650444], "Sc": [-18.65337371826172, 7.469220161437988, -0.17254170775413513], "Ti": [-19.474491119384766, 7.949214935302734, -0.08726953715085983], "V": [-20.970842361450195, 8.431106567382812, -0.333966463804245], "Cr": [-20.61855125427246, 8.386719703674316, -0.43531733751296997], "Mn": [-28.56199073791504, -10.963024139404297, -0.6309510469436646], "Fe": [-20.968379974365234, 8.635326385498047, -0.03670945391058922], "Co": [-22.68788719177246, 9.160415649414062, -0.292307585477829], "Ni": [-21.01041603088379, 11.124926567077637, -0.608698844909668], "Cu": [-22.711668014526367, 12.646241188049316, -0.6348756551742554], "Zn": [-33.840179443359375, -11.939577102661133, -0.900617241859436], "Ga": [-25.67902183532715, 11.069819450378418, -0.13810336589813232], "Ge": [-27.039628982543945, 14.096088409423828, -0.7386674880981445], "As": [-28.544546127319336, 12.002311706542969, -0.4112517535686493], "Se": [-30.516651153564453, 19.724821090698242, -0.5901884436607361], "Br": [-32.637203216552734, 25.442113876342773, -1.2370628118515015], "Kr": [-51.652225494384766, -29.43756675720215, -1.5105104446411133], "Rb": [-42.350162506103516, 27.11602020263672, -0.4777086675167084], "Sr": [-42.703914642333984, 26.948467254638672, -0.5006162524223328], "Y": [-43.1412467956543, 27.024213790893555, -0.4478348195552826], "Zr": [-44.1181526184082, 26.82166290283203, -0.5529764294624329], "Nb": [-44.49068832397461, 26.679521560668945, -0.9032109379768372], "Mo": [-46.11181640625, 26.116615295410156, -0.8042335510253906], "Tc": [-46.67073440551758, 26.488204956054688, -0.7325043082237244], "Ru": [-49.519840240478516, 26.31039047241211, -1.0799275636672974], "Rh": [-50.8167724609375, 26.07719612121582, -1.1695573329925537], "Pd": [-50.60991287231445, 26.471803665161133, -0.8694853186607361], "Ag": [-54.43153762817383, 25.92110252380371, -1.327374815940857], "Cd": [-68.27096557617188, 0.1302691251039505, -1.8194857835769653], "In": [-54.738521575927734, 27.267610549926758, -0.8297592401504517], "Sn": [-61.41298294067383, 25.699312210083008, -1.1867839097976685], "Sb": [-63.25627899169922, 25.55458641052246, -1.1320968866348267], "Te": [-69.11939239501953, 28.432374954223633, -1.8668049573898315], "I": [-69.80632781982422, 31.384376525878906, -1.1052664518356323], "Xe": [-80.36683654785156, -0.1106526106595993, -1.8913418054580688], "Cs": [-75.32886505126953, 41.74047088623047, -1.2570085525512695], "Ba": [-76.63118743896484, 44.09236526489258, -1.1727126836776733], "La": [-79.87781524658203, 42.184913635253906, -1.3677537441253662], "Ce": [-82.04204559326172, 41.75096893310547, -1.3651310205459595], "Pr": [-85.9727554321289, 40.055870056152344, -1.4163479804992676], "Nd": [-90.0906753540039, 42.28571701049805, -2.124376058578491], "Pm": [-88.24971771240234, 41.38109588623047, -1.1426116228103638], "Sm": [-93.38520050048828, 42.03458023071289, -1.1396414041519165], "Eu": [-96.30425262451172, 41.29424285888672, -1.151699185371399], "Gd": [-100.6050796508789, 42.41509246826172, -1.1847617626190186], "Tb": [-106.9930191040039, 40.04043197631836, -1.5271292924880981], "Dy": [-107.58120727539062, 42.187007904052734, -1.2479803562164307], "Ho": [-110.46595001220703, 42.17131805419922, -1.2334743738174438], "Er": [-113.19702911376953, 42.176109313964844, -1.2089455127716064], "Tm": [-119.80597686767578, 39.37815856933594, -1.365910291671753], "Yb": [-123.40967559814453, 39.0872802734375, -1.2652236223220825], "Lu": [-121.81134033203125, 42.46577072143555, -1.2467341423034668], "Hf": [-125.2490234375, 41.38029479980469, -1.1978522539138794], "Ta": [-125.97728729248047, 41.86053466796875, -1.2520966529846191], "W": [-130.73617553710938, 39.79115676879883, -1.5494693517684937], "Re": [-132.55401611328125, 38.39153289794922, -1.2295266389846802], "Os": [-136.7000732421875, 38.599281311035156, -1.5027469396591187], "Ir": [-138.72177124023438, 37.513187408447266, -1.7343543767929077], "Pt": [-140.81472778320312, 37.01194381713867, -2.0476620197296143], "Au": [-142.4347686767578, 36.7467041015625, -2.1762588024139404], "Hg": [-155.39869689941406, 22.4494686126709, -2.0164995193481445], "Tl": [-143.60079956054688, 39.213768005371094, -1.4193902015686035], "Pb": [-146.13601684570312, 38.929908752441406, -1.463783621788025], "Bi": [-148.96661376953125, 38.3800163269043, -1.796218991279602], "Po": [-151.42404174804688, 36.05409240722656, -1.6710879802703857], "At": [-152.47140502929688, 37.0489501953125, -2.3918802738189697], "Rn": [-178.09812927246094, 15.693075180053711, -2.5053794384002686], "Fr": [-166.87539672851562, 56.202484130859375, -1.8677862882614136], "Ra": [-172.9715118408203, 51.37035369873047, -2.1344854831695557], "Ac": [-171.34364318847656, 54.00935363769531, -1.9921278953552246], "Th": [-178.2493133544922, 54.405662536621094, -2.2206761837005615], "Pa": [-173.49798583984375, 55.809104919433594, -1.9406932592391968], "U": [-179.25462341308594, 56.78886413574219, -2.0478758811950684], "Np": [-178.91436767578125, 55.886070251464844, -2.087149143218994], "Pu": [-201.24659729003906, 34.63167953491211, -3.2219202518463135], "Am": [-188.09664916992188, 50.76191711425781, -2.5854432582855225], "Cm": [-190.0452423095703, 54.21106719970703, -2.563847780227661], "Bk": [-231.50173950195312, -43.466896057128906, -4.826863765716553], "Cf": [-219.64410400390625, 2.123044013977051, -3.66564679145813], "Es": [-204.85060119628906, 41.6529541015625, -3.2893149852752686], "Fm": [-197.50865173339844, 55.85004806518555, -2.818639039993286], "Md": [-197.1197052001953, 58.19319152832031, -2.3950083255767822], "No": [-256.1352844238281, -81.291015625, -5.598372936248779], "Lr": [-218.2376251220703, 42.20832061767578, -3.5363779067993164], "Rf": [-204.99005126953125, 57.634124755859375, -2.6744401454925537], "Db": [-206.41851806640625, 56.429725646972656, -2.7082135677337646], "Sg": [-207.84693908691406, 55.22532653808594, -2.741988182067871], "Bh": [-209.27540588378906, 54.02093505859375, -2.7757623195648193], "Hs": [-209.05776977539062, 52.4748420715332, -2.7785794734954834], "Mt": [-217.07064819335938, 52.637229919433594, -2.936178684234619], "Ds": [-220.1451873779297, 51.774532318115234, -3.000908613204956], "Rg": [-220.16990661621094, 53.24273681640625, -2.558077335357666], "Cn": [-224.6482391357422, 49.707435607910156, -3.099411725997925], "Nh": [-224.32862854003906, 50.193359375, -2.903914451599121], "Fl": [-228.36082458496094, 48.40737533569336, -3.1100356578826904], "Mc": [-231.13795471191406, 44.192604064941406, -3.287910223007202], "Lv": [-229.6579132080078, 49.449954986572266, -2.7959821224212646],