{"H": [1, 1, 1.008, 72.769, 2.2, 1, 2, 6, 2, 6, 2, 10, 6, 2, 10, 6, 2, 14, 10, 6, 2, 14, 10, 6, 2], "He": [1, 18, 4.0026022, -48, null, 0, 2, 6, 2, 6, 2, 10, 6, 2, 10, 6, 2, 14, 10, 6, 2, 14, 10, 6, 2], "Li": [2, 1, 6.94, 59.6326, 0.98, 0, 1, 6, 2, 6, 2, 10, 6, 2, 10, 6, 2, 14, 10, 6, 2, 14, 10, 6, 2], "Be": [2, 2, 9.01218315, -48, 1.57, 0, 0, 6, 2, 6, 2, 10, 6, 2, 10, 6, 2, 14, 10, 6, 2, 14, 10, 6, 2], "B": [2, 13, 10.81, 26.989, 2.04, 0, 0, 5, 2, 6, 2, 10, 6, 2, 10, 6, 2, 14, 10, 6, 2, 14, 10, 6, 2], "C": [2, 14, 12.011, 121.7763, 2.55, 0, 0, 4, 2, 6, 2, 10, 6, 2, 10, 6, 2, 14, 10, 6, 2, 14, 10, 6, 2], "N": [2, 15, 14.007, -6.8, 3.04, 0, 0, 3, 2, 6, 2, 10, 6, 2, 10, 6, 2, 14, 10, 6, 2, 14, 10, 6, 2], "O": [2, 16, 15.999, 140.976, 3.44, 0, 0, 2, 2, 6, 2, 10, 6, 2, 10, 6, 2, 14, 10, 6, 2, 14, 10, 6, 2], "F": [2, 17, 18.9984031636, 328.1649, 3.98, 0, 0, 1, 2, 6, 2, 10, 6, 2, 10, 6, 2, 14, 10, 6, 2, 14, 10, 6, 2], "Ne": [2, 18, 20.17976, -116, null, 0, 0, 0, 2, 6, 2, 10, 6, 2, 10, 6, 2, 14, 10, 6, 2, 14, 10, 6, 2], "Na": [3, 1, 22.989769282, 52.867, 0.93, 0, 0, 0, 1, 6, 2, 10, 6, 2, 10, 6, 2, 14, 10, 6, 2, 14, 10, 6, 2], "Mg": [3, 2, 24.305, -40, 1.31, 0, 0, 0, 0, 6, 2, 10, 6, 2, 10, 6, 2, 14, 10, 6, 2, 14, 10, 6, 2], "Al": [3, 13, 26.98153857, 41.762, 1.61, 0, 0, 0, 0, 5, 2, 10, 6, 2, 10, 6, 2, 14, 10, 6, 2, 14, 10, 6, 2], "Si": [3, 14, 28.085, 134.0684, 1.9, 0, 0, 0, 0, 4, 2, 10, 6, 2, 10, 6, 2, 14, 10, 6, 2, 14, 10, 6, 2], "P": [3, 15, 30.9737619985, 72.037, 2.19, 0, 0, 0, 0, 3, 2, 10, 6, 2, 10, 6, 2, 14, 10, 6, 2, 14, 10, 6, 2], "S": [3, 16, 32.06, 200.4101, 2.58, 0, 0, 0, 0, 2, 2, 10, 6, 2, 10, 6, 2, 14, 10, 6, 2, 14, 10, 6, 2], "Cl": [3, 17, 35.45, 348.575, 3.16, 0, 0, 0, 0, 1, 2, 10, 6, 2, 10, 6, 2, 14, 10, 6, 2, 14, 10, 6, 2], "Ar": [3, 18, 39.9481, -96, null, 0, 0, 0, 0, 0, 2, 10, 6, 2, 10, 6, 2, 14, 10, 6, 2, 14, 10, 6, 2], "K": [4, 1, 39.09831, 48.383, 0.82, 0, 0, 0, 0, 0, 1, 10, 6, 2, 10, 6, 2, 14, 10, 6, 2, 14, 10, 6, 2], "Ca": [4, 2, 40.0784, 2.37, 1, 0, 0, 0, 0, 0, 0, 10, 6, 2, 10, 6, 2, 14, 10, 6, 2, 14, 10, 6, 2], "Sc": [4, 3, 44.9559085, 18, 1.36, 0, 0, 0, 0, 0, 0, 9, 6, 2, 10, 6, 2, 14, 10, 6, 2, 14, 10, 6, 2], "Ti": [4, 4, 47.8671, 7.289, 1.54, 0, 0, 0, 0, 0, 0, 8, 6, 2, 10, 6, 2, 14, 10, 6, 2, 14, 10, 6, 2], "V": [4, 5, 50.94151, 50.911, 1.63, 0, 0, 0, 0, 0, 0, 7, 6, 2, 10, 6, 2, 14, 10, 6, 2, 14, 10, 6, 2], "Cr": [4, 6, 51.99616, 65.21, 1.66, 0, 0, 0, 0, 0, 1, 5, 6, 2, 10, 6, 2, 14, 10, 6, 2, 14, 10, 6, 2], "Mn": [4, 7, 54.9380443, -50, 1.55, 0, 0, 0, 0, 0, 0, 5, 6, 2, 10, 6, 2, 14, 10, 6, 2, 14, 10, 6, 2], "Fe": [4, 8, 55.8452, 14.785, 1.83, 0, 0, 0, 0, 0, 0, 4, 6, 2, 10, 6, 2, 14, 10, 6, 2, 14, 10, 6, 2], "Co": [4, 9, 58.9331944, 63.898, 1.88, 0, 0, 0, 0, 0, 0, 3, 6, 2, 10, 6, 2, 14, 10, 6, 2, 14, 10, 6, 2], "Ni": [4, 10, 58.69344, 111.65, 1.91, 0, 0, 0, 0, 0, 0, 2, 6, 2, 10, 6, 2, 14, 10, 6, 2, 14, 10, 6, 2], "Cu": [4, 11, 63.5463, 119.235, 1.9, 0, 0, 0, 0, 0, 1, 0, 6, 2, 10, 6, 2, 14, 10, 6, 2, 14, 10, 6, 2], "Zn": [4, 12, 65.382, -58, 1.65, 0, 0, 0, 0, 0, 0, 0, 6, 2, 10, 6, 2, 14, 10, 6, 2, 14, 10, 6, 2], "Ga": [4, 13, 69.7231, 41, 1.81, 0, 0, 0, 0, 0, 0, 0, 5, 2, 10, 6, 2, 14, 10, 6, 2, 14, 10, 6, 2], "Ge": [4, 14, 72.6308, 118.9352, 2.01, 0, 0, 0, 0, 0, 0, 0, 4, 2, 10, 6, 2, 14, 10, 6, 2, 14, 10, 6, 2], "As": [4, 15, 74.9215956, 77.65, 2.18, 0, 0, 0, 0, 0, 0, 0, 3, 2, 10, 6, 2, 14, 10, 6, 2, 14, 10, 6, 2], "Se": [4, 16, 78.9718, 194.9587, 2.55, 0, 0, 0, 0, 0, 0, 0, 2, 2, 10, 6, 2, 14, 10, 6, 2, 14, 10, 6, 2], "Br": [4, 17, 79.904, 324.537, 2.96, 0, 0, 0, 0, 0, 0, 0, 1, 2, 10, 6, 2, 14, 10, 6, 2, 14, 10, 6, 2], "Kr": [4, 18, 83.7982, -96, 3, 0, 0, 0, 0, 0, 0, 0, 0, 2, 10, 6, 2, 14, 10, 6, 2, 14, 10, 6, 2], "Rb": [5, 1, 85.46783, 46.884, 0.82, 0, 0, 0, 0, 0, 0, 0, 0, 1, 10, 6, 2, 14, 10, 6, 2, 14, 10, 6, 2], "Sr": [5, 2, 87.621, 5.023, 0.95, 0, 0, 0, 0, 0, 0, 0, 0, 0, 10, 6, 2, 14, 10, 6, 2, 14, 10, 6, 2], "Y": [5, 3, 88.905842, 29.6, 1.22, 0, 0, 0, 0, 0, 0, 0, 0, 0, 9, 6, 2, 14, 10, 6, 2, 14, 10, 6, 2], "Zr": [5, 4, 91.2242, 41.806, 1.33, 0, 0, 0, 0, 0, 0, 0, 0, 0, 8, 6, 2, 14, 10, 6, 2, 14, 10, 6, 2], "Nb": [5, 5, 92.906372, 88.516, 1.6, 0, 0, 0, 0, 0, 0, 0, 0, 1, 6, 6, 2, 14, 10, 6, 2, 14, 10, 6, 2], "Mo": [5, 6, 95.951, 72.1, 2.16, 0, 0, 0, 0, 0, 0, 0, 0, 1, 5, 6, 2, 14, 10, 6, 2, 14, 10, 6, 2], "Tc": [5, 7, 98, 53, 1.9, 0, 0, 0, 0, 0, 0, 0, 0, 0, 5, 6, 2, 14, 10, 6, 2, 14, 10, 6, 2], "Ru": [5, 8, 101.072, 100.96, 2.2, 0, 0, 0, 0, 0, 0, 0, 0, 1, 3, 6, 2, 14, 10, 6, 2, 14, 10, 6, 2], "Rh": [5, 9, 102.905502, 110.27, 2.28, 0, 0, 0, 0, 0, 0, 0, 0, 1, 2, 6, 2, 14, 10, 6, 2, 14, 10, 6, 2], "Pd": [5, 10, 106.421, 54.24, 2.2, 0, 0, 0, 0, 0, 0, 0, 0, 2, 0, 6, 2, 14, 10, 6, 2, 14, 10, 6, 2], "Ag": [5, 11, 107.86822, 125.862, 1.93, 0, 0, 0, 0, 0, 0, 0, 0, 1, 0, 6, 2, 14, 10, 6, 2, 14, 10, 6, 2], "Cd": [5, 12, 112.4144, -68, 1.69, 0, 0, 0, 0, 0, 0, 0, 0, 0, 0, 6, 2, 14, 10, 6, 2, 14, 10, 6, 2], "In": [5, 13, 114.8181, 37.043, 1.78, 0, 0, 0, 0, 0, 0, 0, 0, 0, 0, 5, 2, 14, 10, 6, 2, 14, 10, 6, 2], "Sn": [5, 14, 118.7107, 107.2984, 1.96, 0, 0, 0, 0, 0, 0, 0, 0, 0, 0, 4, 2, 14, 10, 6, 2, 14, 10, 6, 2], "Sb": [5, 15, 121.7601, 101.059, 2.05, 0, 0, 0, 0, 0, 0, 0, 0, 0, 0, 3, 2, 14, 10, 6, 2, 14, 10, 6, 2], "Te": [5, 16, 127.603, 190.161, 2.1, 0, 0, 0, 0, 0, 0, 0, 0, 0, 0, 2, 2, 14, 10, 6, 2, 14, 10, 6, 2], "I": [5, 17, 126.904473, 295.1531, 2.66, 0, 0, 0, 0, 0, 0, 0, 0, 0, 0, 1, 2, 14, 10, 6, 2, 14, 10, 6, 2], "Xe": [5, 18, 131.2936, -77, 2.6, 0, 0, 0, 0, 0, 0, 0, 0, 0, 0, 0, 2, 14, 10, 6, 2, 14, 10, 6, 2], "Cs": [6, 1, 132.905451966, 45.505, 0.79, 0, 0, 0, 0, 0, 0, 0, 0, 0, 0, 0, 1, 14, 10, 6, 2, 14, 10, 6, 2], "Ba": [6, 2, 137.3277, 13.954, 0.89, 0, 0, 0, 0, 0, 0, 0, 0, 0, 0, 0, 0, 14, 10, 6, 2, 14, 10, 6, 2], "La": [6, 3, 138.905477, 53, 1.1, 0, 0, 0, 0, 0, 0, 0, 0, 0, 0, 0, 0, 14, 9, 6, 2, 14, 10, 6, 2], "Ce": [6, 3, 140.1161, 55, 1.12, 0, 0, 0, 0, 0, 0, 0, 0, 0, 0, 0, 0, 13, 9, 6, 2, 14, 10, 6, 2], "Pr": [6, 3, 140.907662, 93, 1.13, 0, 0, 0, 0, 0, 0, 0, 0, 0, 0, 0, 0, 11, 10, 6, 2, 14, 10, 6, 2], "Nd": [6, 3, 144.2423, 184.87, 1.14, 0, 0, 0, 0, 0, 0, 0, 0, 0, 0, 0, 0, 10, 10, 6, 2, 14, 10, 6, 2], "Pm": [6, 3, 145, 12.45, 1.13, 0, 0, 0, 0, 0, 0, 0, 0, 0, 0, 0, 0, 9, 10, 6, 2, 14, 10, 6, 2], "Sm": [6, 3, 150.362, 15.63, 1.17, 0, 0, 0, 0, 0, 0, 0, 0, 0, 0, 0, 0, 8, 10, 6, 2, 14, 10, 6, 2], "Eu": [6, 3, 151.9641, 11.2, 1.2, 0, 0, 0, 0, 0, 0, 0, 0, 0, 0, 0, 0, 7, 10, 6, 2, 14, 10, 6, 2], "Gd": [6, 3, 157.253, 13.22, 1.2, 0, 0, 0, 0, 0, 0, 0, 0, 0, 0, 0, 0, 7, 9, 6, 2, 14, 10, 6, 2], "Tb": [6, 3, 158.925352, 112.4, 1.1, 0, 0, 0, 0, 0, 0, 0, 0, 0, 0, 0, 0, 5, 10, 6, 2, 14, 10, 6, 2], "Dy": [6, 3, 162.5001, 33.96, 1.22, 0, 0, 0, 0, 0, 0, 0, 0, 0, 0, 0, 0, 4, 10, 6, 2, 14, 10, 6, 2], "Ho": [6, 3, 164.930332, 32.61, 1.23, 0, 0, 0, 0, 0, 0, 0, 0, 0, 0, 0, 0, 3, 10, 6, 2, 14, 10, 6, 2], "Er": [6, 3, 167.2593, 30.1, 1.24, 0, 0, 0, 0, 0, 0, 0, 0, 0, 0, 0, 0, 2, 10, 6, 2, 14, 10, 6, 2], "Tm": [6, 3, 168.934222, 99, 1.25, 0, 0, 0, 0, 0, 0, 0, 0, 0, 0, 0, 0, 1, 10, 6, 2, 14, 10, 6, 2], "Yb": [6, 3, 173.0451, -1.93, 1.1, 0, 0, 0, 0, 0, 0, 0, 0, 0, 0, 0, 0, 0, 10, 6, 2, 14, 10, 6, 2], "Lu": [6, 3, 174.96681, 33.4, 1.27, 0, 0, 0, 0, 0, 0, 0, 0, 0, 0, 0, 0, 0, 9, 6, 2, 14, 10, 6, 2], "Hf": [6, 4, 178.492, 17.18, 1.3, 0, 0, 0, 0, 0, 0, 0, 0, 0, 0, 0, 0, 0, 8, 6, 2, 14, 10, 6, 2], "Ta": [6, 5, 180.947882, 31, 1.5, 0, 0, 0, 0, 0, 0, 0, 0, 0, 0, 0, 0, 0, 7, 6, 2, 14, 10, 6, 2], "W": [6, 6, 183.841, 78.76, 2.36, 0, 0, 0, 0, 0, 0, 0, 0, 0, 0, 0, 0, 0, 6, 6, 2, 14, 10, 6, 2], "Re": [6, 7, 186.2071, 5.8273, 1.9, 0, 0, 0, 0, 0, 0, 0, 0, 0, 0, 0, 0, 0, 5, 6, 2, 14, 10, 6, 2], "Os": [6, 8, 190.233, 103.99, 2.2, 0, 0, 0, 0, 0, 0, 0, 0, 0, 0, 0, 0, 0, 4, 6, 2, 14, 10, 6, 2], "Ir": [6, 9, 192.2173, 150.94, 2.2, 0, 0, 0, 0, 0, 0, 0, 0, 0, 0, 0, 0, 0, 3, 6, 2, 14, 10, 6, 2], "Pt": [6, 10, 195.0849, 205.041, 2.28, 0, 0, 0, 0, 0, 0, 0, 0, 0, 0, 0, 1, 0, 1, 6, 2, 14, 10, 6, 2],