{"H": [4.563820838928223, -9.535234451293945, -1.0128226280212402], "He": [1.9816365242004395, -10.911323547363281, -1.6079860925674438], "Li": [1.2113075256347656, -9.804088592529297, -0.6627864241600037], "Be": [-1.9089739322662354, -7.5352959632873535, -1.0730342864990234], "B": [3.25467586517334, -9.463241577148438, -0.5282893776893616], "C": [6.645349502563477, -9.928139686584473, -1.8822112083435059], "N": [1.785010814666748, -8.476537704467773, -0.5752903819084167], "O": [5.523940086364746, -10.342987060546875, -2.47251558303833], "F": [-0.1640644669532776, -16.532014846801758, -8.07563304901123], "Ne": [1.8554553985595703, -4.37380838394165, -1.9884905815124512], "Na": [-5.500196933746338, -9.553400993347168, -0.09590036422014236], "Mg": [-3.7620444297790527, -5.4239726066589355, -0.8592330813407898], "Al": [-4.373955726623535, -8.940484046936035, -0.4132351279258728], "Si": [-3.5180931091308594, -10.242195129394531, -2.465923547744751], "P": [-5.414484024047852, -8.819132804870605, -1.1161046028137207], "S": [-6.539974212646484, -11.60349178314209, -4.035701274871826], "Cl": [-10.640357971191406, -16.979169845581055, -8.631979942321777], "Ar": [-4.532408714294434, -4.2126994132995605, -2.6507673263549805], "K": [-20.515249252319336, -8.502487182617188, 0.31717485189437866], "Ca": [-17.386423110961914, -4.854071617126465, 0.08167504519224167], "Sc": [-21.874025344848633, -5.5410614013671875, -0.08247680217027664], "Ti": [-22.49892234802246, -4.410609245300293, -0.23904508352279663], "V": [-28.51744842529297, -8.209696769714355, -0.43260663747787476], "Cr": [-28.1821231842041, -8.648686408996582, -0.9066850543022156], "Mn": [-18.546430587768555, -2.318610191345215, -1.4698983430862427], "Fe": [-26.442344665527344, -3.7310523986816406, -0.819168746471405], "Co": [-32.65263366699219, -8.28392219543457, -1.2454426288604736], "Ni": [-30.31324577331543, -9.246405601501465, -2.5383782386779785], "Cu": [-33.39491653442383, -9.518620491027832, -3.0374326705932617], "Zn": [-22.26644515991211, -0.7486029863357544, -2.0152955055236816], "Ga": [-37.48039245605469, -5.230717182159424, -1.7268378734588623], "Ge": [-41.14820098876953, -9.281632423400879, -3.374495267868042], "As": [-43.48851776123047, -8.005440711975098, -2.5765268802642822], "Se": [-44.98112106323242, -11.156937599182129, -5.620809078216553], "Br": [-44.69621276855469, -14.950926780700684, -9.46018123626709], "Kr": [-28.352428436279297, 0.11954773962497711, -3.0675947666168213], "Rb": [-54.73567199707031, -4.583777904510498, -1.9440855979919434], "Sr": [-51.209842681884766, -0.42594680190086365, -1.451998233795166], "Y": [-55.63494110107422, -2.534745693206787, -1.966487169265747], "Zr": [-58.74129867553711, -3.5673270225524902, -2.324725866317749], "Nb": [-64.27461242675781, -7.6192708015441895, -3.005589008331299], "Mo": [-65.51776123046875, -6.340047359466553, -2.9290711879730225], "Tc": [-65.1064682006836, -4.187511920928955, -2.885413646697998], "Ru": [-71.41626739501953, -8.131940841674805, -3.6587672233581543], "Rh": [-72.8706283569336, -8.554428100585938, -3.885843276977539], "Pd": [-70.8603286743164, -3.640681743621826, -3.3673768043518066], "Ag": [-76.47577667236328, -9.09697437286377, -4.502985000610352], "Cd": [-57.008514404296875, 3.898658275604248, -2.8784425258636475], "In": [-76.65616607666016, -1.1357399225234985, -3.742624521255493], "Sn": [-87.10637664794922, -7.239370822906494, -4.657978534698486], "Sb": [-89.98807525634766, -6.375097751617432, -4.80211067199707], "Te": [-95.86444854736328, -10.492053031921387, -6.922259330749512], "I": [-93.24369049072266, -13.19880199432373, -9.965730667114258], "Xe": [-74.82906341552734, 5.373045921325684, -4.15936803817749], "Cs": [-98.89942169189453, 0.4176267683506012, -3.8634629249572754], "Ba": [-98.68978881835938, 3.1328463554382324, -3.247880220413208], "La": [-105.4392318725586, -0.07524167001247406, -4.357152462005615], "Ce": [-107.3291244506836, -0.30011042952537537, -4.440303802490234], "Pr": [-113.03385162353516, -3.386387348175049, -5.045612812042236], "Nd": [-122.5133056640625, -9.15335750579834, -6.439211368560791], "Pm": [-107.9526596069336, 2.7756857872009277, -3.60247540473938], "Sm": [-113.64733123779297, 2.295907497406006, -3.80470871925354], "Eu": [-115.0648193359375, 2.504547595977783, -3.804762601852417], "Gd": [-120.46815490722656, 1.9587339162826538, -4.005991458892822], "Tb": [-133.4339141845703, -4.975286960601807, -5.837037086486816], "Dy": [-128.89877319335938, 0.4409460127353668, -4.446357727050781], "Ho": [-131.42782592773438, 0.4072355329990387, -4.509538650512695], "Er": [-133.72093200683594, 0.45674648880958557, -4.554158687591553], "Tm": [-143.17135620117188, -4.083729267120361, -6.032754421234131], "Yb": [-135.79974365234375, 1.7738717794418335, -4.051362991333008], "Lu": [-142.5398712158203, -0.3174463212490082, -4.873559474945068], "Hf": [-143.92001342773438, 0.44877758622169495, -4.8560357093811035], "Ta": [-148.22305297851562, -0.8065706491470337, -5.228914260864258], "W": [-156.3282470703125, -4.147467136383057, -6.511733531951904], "Re": [-150.4510955810547, 0.2466825395822525, -5.257995128631592], "Os": [-164.95704650878906, -6.2120137214660645, -7.288571834564209], "Ir": [-170.96917724609375, -9.579863548278809, -7.9511799812316895], "Pt": [-178.06094360351562, -14.40454387664795, -8.814740180969238], "Au": [-181.21578979492188, -15.418135643005371, -9.096802711486816], "Hg": [-156.267822265625, 0.2970041334629059, -5.617380142211914], "Tl": [-171.74819946289062, -3.3311619758605957, -6.75919771194458], "Pb": [-174.19093322753906, -3.386671543121338, -6.883353233337402], "Bi": [-181.22576904296875, -6.626661777496338, -8.170565605163574], "Po": [-185.58221435546875, -9.441584587097168, -8.889094352722168], "At": [-193.616455078125, -15.768477439880371, -10.197346687316895], "Rn": [-172.86801147460938, -0.40532931685447693, -6.613579273223877], "Fr": [-193.56668090820312, -4.8721184730529785, -6.635324478149414], "Ra": [-192.28170776367188, -2.8868794441223145, -6.131229877471924], "Ac": [-196.29608154296875, -4.853024005889893, -6.548764228820801], "Th": [-208.69619750976562, -9.956156730651855, -8.444174766540527], "Pa": [-202.64779663085938, -6.348074436187744, -7.1457133293151855], "U": [-208.99069213867188, -6.622339725494385, -7.239809036254883], "Np": [-208.06982421875, -6.424665927886963, -7.065603733062744], "Pu": [-202.73565673828125, -3.401228427886963, -5.958630561828613], "Am": [-210.90521240234375, -4.939405918121338, -6.730173110961914], "Cm": [-216.42576599121094, -6.29434061050415, -7.011703014373779], "Bk": [-185.88836669921875, 0.3425993025302887, -6.782707214355469], "Cf": [-202.2138671875, -3.3733410835266113, -6.683745384216309], "Es": [-215.8380584716797, -4.691977024078369, -6.262575626373291], "Fm": [-227.72311401367188, -7.286390781402588, -7.35564661026001], "Md": [-234.6175537109375, -10.573363304138184, -8.710586547851562], "No": [-188.82595825195312, 1.7873224020004272, -7.670208930969238], "Lr": [-229.99061584472656, -5.9828782081604, -6.7506327629089355], "Rf": [-240.1085968017578, -9.81238842010498, -8.032819747924805], "Db": [-241.15338134765625, -10.20740795135498, -8.131756782531738], "Sg": [-242.19815063476562, -10.602412223815918, -8.230695724487305], "Bh": [-243.24295043945312, -10.997427940368652, -8.329629898071289], "Hs": [-242.5369873046875, -11.309931755065918, -8.381333351135254], "Mt": [-250.58465576171875, -12.03494930267334, -8.669215202331543], "Ds": [-253.38015747070312, -12.512450218200684, -8.81539249420166], "Rg": [-263.6673278808594, -18.550825119018555, -10.770041465759277], "Cn": [-257.2204284667969, -13.384974479675293, -9.060502052307129], "Nh": [-259.238525390625, -14.24808406829834, -9.420069694519043], "Fl": [-261.07379150390625, -14.076647758483887, -9.2538480758667], "Mc": [-259.32318115234375, -13.330389976501465, -8.95971965789795], "Lv": [-266.6572265625, -15.76782512664795, -9.959924697875977],