{"H": [3.0989327430725098, -8.84752082824707, -0.27982470393180847], "He": [2.7201194763183594, -15.042192459106445, 0.7541896104812622], "Li": [1.1718088388442993, -6.8584418296813965, -0.07662509381771088], "Be": [3.5016918182373047, -12.556416511535645, 1.3091508150100708], "B": [-0.21611106395721436, -10.287909507751465, -0.23151959478855133], "C": [7.935122013092041, -1.7807722091674805, -2.069652557373047], "N": [-0.042190831154584885, -9.444101333618164, -0.04043339192867279], "O": [9.779496192932129, 2.343210220336914, -2.625478506088257], "F": [26.365020751953125, 24.902015686035156, -8.170260429382324], "Ne": [8.036063194274902, -6.218025207519531, 2.3683369159698486], "Na": [-0.4007205069065094, 3.308699607849121, 0.07954050600528717], "Mg": [-0.385727196931839, -2.9415578842163086, 0.47673940658569336], "Al": [-0.21761031448841095, 2.834049940109253, -0.23978088796138763], "Si": [7.4120330810546875, 12.124015808105469, -2.0568394660949707], "P": [1.5060335397720337, 9.591913223266602, -0.5250300168991089], "S": [12.971076965332031, 22.03824234008789, -3.8103153705596924], "Cl": [25.821260452270508, 40.38187789916992, -8.023326873779297], "Ar": [1.7538368701934814, 12.874597549438477, 0.8075549602508545], "K": [-0.18323874473571777, 22.047950744628906, 0.38413241505622864], "Ca": [-0.2023269385099411, 18.178190231323242, 0.47807803750038147], "Sc": [-0.1944153755903244, 25.747867584228516, 0.40613678097724915], "Ti": [-0.25987812876701355, 28.15993309020996, 0.5856313705444336], "V": [-0.21517126262187958, 36.39716720581055, 0.40589848160743713], "Cr": [-0.35009291768074036, 39.48843002319336, 0.4108109772205353], "Mn": [-1.1724621057510376, 32.01708221435547, 0.9497237205505371], "Fe": [-0.39488041400909424, 38.845523834228516, 0.5610791444778442], "Co": [-0.32037362456321716, 47.06447982788086, 0.32080891728401184], "Ni": [-0.5432988405227661, 51.349876403808594, 0.14471258223056793], "Cu": [-0.5273213982582092, 57.90764617919922, 0.09109629690647125], "Zn": [-1.4490694999694824, 44.578548431396484, 1.2625139951705933], "Ga": [-0.5902037620544434, 56.983646392822266, 0.30501917004585266], "Ge": [-1.1068936586380005, 67.21853637695312, 0.2829538881778717], "As": [-0.529134213924408, 65.43762969970703, 0.13350023329257965], "Se": [4.369101524353027, 80.50005340576172, -1.4880582094192505], "Br": [15.997417449951172, 92.55976104736328, -5.32283353805542], "Kr": [-0.8128619194030762, 61.51712417602539, 1.4376853704452515], "Rb": [-0.4867420792579651, 79.7308120727539, 1.1624466180801392], "Sr": [-0.6881643533706665, 77.84296417236328, 1.6986626386642456], "Y": [-0.5742164254188538, 81.73299407958984, 1.3993548154830933], "Zr": [-0.607033371925354, 85.52857971191406, 1.2533212900161743], "Nb": [-0.65131014585495, 92.37084197998047, 0.8493467569351196], "Mo": [-0.6739112138748169, 94.16448211669922, 0.9039173126220703], "Tc": [-0.7229706048965454, 94.29908752441406, 1.170189619064331], "Ru": [-0.7839552760124207, 102.8773422241211, 0.9238108396530151], "Rh": [-0.8090986609458923, 105.82917022705078, 1.0337532758712769], "Pd": [-0.8502712249755859, 104.34716796875, 1.3376365900039673], "Ag": [-1.032626748085022, 112.82188415527344, 1.0178478956222534], "Cd": [-1.610445261001587, 99.28096771240234, 2.1208808422088623], "In": [-0.9827455282211304, 110.71369171142578, 1.674761176109314], "Sn": [-1.004919409751892, 122.70520782470703, 0.8631356954574585], "Sb": [-1.0253206491470337, 125.39075469970703, 0.8818331956863403], "Te": [-1.9173448085784912, 140.7172393798828, -0.040598973631858826], "I": [5.392314910888672, 149.25938415527344, -3.0810608863830566], "Xe": [-1.6088504791259766, 118.40840148925781, 2.4493956565856934], "Cs": [-0.8622992038726807, 135.89076232910156, 2.7440292835235596], "Ba": [-1.091383934020996, 136.33743286132812, 3.448481798171997], "La": [-0.9471901655197144, 143.0832061767578, 2.7025656700134277], "Ce": [-0.9584786891937256, 144.83737182617188, 2.734327793121338], "Pr": [-0.9298790693283081, 150.43917846679688, 2.1888608932495117], "Nd": [-1.622782826423645, 166.34249877929688, 0.5828732252120972], "Pm": [-1.119157314300537, 145.1582794189453, 3.9193015098571777], "Sm": [-1.1130315065383911, 151.52008056640625, 4.093390464782715], "Eu": [-1.1650488376617432, 152.88394165039062, 4.2656941413879395], "Gd": [-1.210134744644165, 159.1399688720703, 4.401016712188721], "Tb": [-1.0844788551330566, 173.41612243652344, 2.283008098602295], "Dy": [-0.9426605701446533, 167.70254516601562, 4.387345314025879], "Ho": [-0.9673402309417725, 170.34255981445312, 4.53800106048584], "Er": [-1.004904866218567, 172.7252197265625, 4.704387664794922], "Tm": [-1.1725952625274658, 183.3901824951172, 3.0997395515441895], "Yb": [-1.6702862977981567, 176.39248657226562, 5.1690216064453125], "Lu": [-1.0334687232971191, 182.16456604003906, 4.993381500244141], "Hf": [-1.3369414806365967, 183.91851806640625, 5.317901611328125], "Ta": [-1.219502329826355, 188.45428466796875, 5.115578651428223], "W": [-1.2411214113235474, 197.88873291015625, 4.149134635925293], "Re": [-1.723060131072998, 191.46380615234375, 5.420381546020508], "Os": [-1.4695707559585571, 208.00184631347656, 3.6864607334136963], "Ir": [-1.582636833190918, 215.9901885986328, 2.20194673538208], "Pt": [-1.7353607416152954, 226.63128662109375, 1.3244646787643433], "Au": [-2.010244846343994, 231.16969299316406, 0.9895309209823608], "Hg": [-1.5852651596069336, 203.4789276123047, 5.2216033935546875], "Tl": [-1.5493693351745605, 214.1230926513672, 5.471213340759277], "Pb": [-1.629955768585205, 216.89895629882812, 5.568357467651367], "Bi": [-1.6109791994094849, 226.57701110839844, 4.410662651062012], "Po": [-1.868636131286621, 232.19081115722656, 3.1548376083374023], "At": [-2.0857064723968506, 245.7779541015625, 1.0640372037887573], "Rn": [-1.5365214347839355, 224.88063049316406, 5.581245422363281], "Fr": [-1.3205004930496216, 240.68130493164062, 6.611223220825195], "Ra": [-2.0148987770080566, 240.71694946289062, 6.759178638458252], "Ac": [-1.5708158016204834, 243.50892639160156, 6.847410202026367], "Th": [-1.6397578716278076, 260.38201904296875, 5.3002448081970215], "Pa": [-1.4697911739349365, 250.85545349121094, 6.641566276550293], "U": [-1.5467796325683594, 258.0510559082031, 6.931110382080078], "Np": [-1.5776281356811523, 256.2886962890625, 7.003625869750977], "Pu": [-1.8866167068481445, 258.21148681640625, 6.435049533843994], "Am": [-2.50331974029541, 261.01123046875, 6.853715419769287], "Cm": [-2.211930274963379, 266.89105224609375, 7.041369915008545], "Bk": [1.8308038711547852, 253.93841552734375, 7.042374610900879], "Cf": [-1.3342971801757812, 263.6219482421875, 6.584870338439941], "Es": [-2.335784912109375, 269.6628723144531, 6.373608589172363], "Fm": [-2.3487331867218018, 279.18853759765625, 7.118833065032959], "Md": [-1.4518074989318848, 285.7837219238281, 6.917789459228516], "No": [4.05262565612793, 263.81982421875, 7.966925621032715], "Lr": [-2.5461483001708984, 286.132080078125, 6.601338863372803], "Rf": [-2.151430606842041, 292.6797180175781, 7.352155685424805], "Db": [-2.209866523742676, 293.89422607421875, 7.340691566467285], "Sg": [-2.2683024406433105, 295.1087951660156, 7.329227924346924], "Bh": [-2.3267393112182617, 296.3233337402344, 7.317766189575195], "Hs": [-2.359633207321167, 295.3584289550781, 7.252195358276367], "Mt": [-2.5202386379241943, 305.2908020019531, 7.457165241241455], "Ds": [-2.6042165756225586, 308.684814453125, 7.499811172485352], "Rg": [-2.220311164855957, 321.69952392578125, 5.834063529968262], "Cn": [-2.7466320991516113, 313.2933654785156, 7.530994415283203], "Nh": [-2.5799007415771484, 315.1452331542969, 7.579785346984863], "Fl": [-2.891529083251953, 317.9019470214844, 7.577655792236328], "Mc": [-3.3868250846862793, 316.77984619140625, 7.4388885498046875], "Lv": [-2.7320618629455566, 324.2618713378906, 7.546818733215332], "Ts": [-2.5118722915649414, 337.6439514160156, 5.648987293243408], "Og": [-3.8537778854370117, 320.5821838378906, 7.503532409667969],